model_id,year,average_price
27,2015,22993333.3333333
43,2011,11326666.6666667
43,2017,29942000.0
43,2019,37796666.6666667
43,2020,40467500.0
44,2012,12653333.3333333
44,2014,16395000.0
51,2012,12793333.3333333
51,2019,24462500.0
52,2013,13156000.0
52,2017,18160000.0
52,2019,28912000.0
52,2023,30993333.0
53,2007,7275000.0
53,2010,33337766666.3333
53,2013,7817999.8
53,2014,11963333.3333333
53,2015,13826666.6666667
53,2017,16013333.3333333
56,2014,11213636.3636364
56,2015,10898000.0
56,2016,14422500.0
56,2017,17475714.2857143
56,2018,17502222.2222222
56,2019,18541000.0
56,2020,19956666.6666667
56,2023,27323333.3333333
57,2012,8814000.0
57,2018,14790000.0
68,2014,26700000.0
68,2017,42966666.6666667
68,2018,41376000.0
68,2021,74798571.4285714
68,2023,91095000.0
74,2010,12496666.6666667
74,2013,16614000.0
74,2014,20040000.0
74,2016,23286666.6666667
74,2017,29967500.0
74,2018,35402000.0
74,2019,44590000.0
74,2021,54956666.6666667
74,2022,65232857.1428571
74,2023,78850000.0
79,2014,10806666.6666667
79,2015,19333333.3333333
79,2017,19715000.0
79,2018,25956666.6666667
79,2019,31630000.0
79,2021,43352500.0
79,2022,48950000.0
79,2023,63300000.0
110,2013,11260660.0
110,2022,42430000.0
112,2022,39720000.0
116,2011,7900000.0
116,2013,13736000.0
116,2014,13039999.75
116,2015,15930000.0
116,2017,18194000.0
116,2018,18912500.0
116,2021,28000000.0
116,2023,40100000.0
117,2011,9633333.33333333
117,2017,15592500.0
118,2011,8483333.33333333
118,2013,11117500.0
122,2016,14080000.0
122,2017,15117500.0
122,2018,18153333.3333333
123,2017,13256000.0
123,2018,8348065833.25
123,2019,16911250.0
123,2021,20094999.8333333
124,2010,7300000.0
124,2011,8540000.0
124,2012,7583333.33333333
124,2013,9792000.0
124,2014,11190000.0
124,2015,10000000.0
129,2011,2750000.0
129,2014,3216666.66666667
134,2013,4426666.66666667
137,2013,2900000.0
137,2017,4360000.0
137,2020,4760000.0
149,2011,8687500.0
149,2014,12997500.0
149,2015,10913333.3333333
149,2016,12817500.0
149,2017,11816666.6666667
149,2018,16715999.8
149,2019,26300000.0
149,2021,27300000.0
149,2022,36186666.6666667
149,2023,40070000.0
150,2019,20242500.0
150,2020,24796000.0
150,2021,25663333.3333333
150,2022,29656666.6666667
151,2014,20147500.0
151,2017,28125000.0
151,2019,34160000.0
154,2011,3872307.69230769
154,2012,4130000.0
154,2013,3850000.0
154,2014,3998571.42857143
154,2015,4781666.66666667
154,2019,5963333.33333333
154,2020,6708333.33333333
154,2021,7059875.0
155,2012,14290127142.7143
155,2013,4789000.0
155,2014,5488000.0
156,2013,15050000.0
156,2015,24766666.6666667
156,2016,22827142.8571429
156,2017,23207500.0
156,2018,7166384999.85714
156,2019,29426000.0
156,2020,35360769.1538462
156,2021,36830769.2307692
156,2022,41671111.1111111
156,2023,49250652.4705882
156,2024,59332420.0
158,2011,3860000.0
158,2012,4150000.0
158,2013,3920208.33333333
158,2014,5887095882.23529
158,2015,4875882.35294118
158,2016,5205999.95
158,2017,6820000.0
158,2018,6596111.11111111
158,2019,6970357.14285714
158,2020,5270448421.0
158,2021,8213933.33333333
158,2022,8455555.55555556
158,2023,7705000.0
160,2012,6483333.33333333
160,2013,14292559999.8571
160,2014,16673367499.8333
160,2016,10100000.0
161,2006,2925000.0
161,2009,4900000.0
161,2010,3290000.0
161,2011,3981111.11111111
161,2012,4407142.85714286
161,2013,5063333.33333333
162,2006,2750000.0
162,2011,5400000.0
162,2018,6892500.0
163,1989,1830000.0
163,1993,2363333.33333333
163,1995,2650000.0
163,1997,2366666.66666667
163,1998,2925000.0
163,2000,3997500.0
163,2001,4100000.0
167,2018,15082500.0
169,2011,8584285.71428571
169,2013,7743750.0
169,2014,9293333.33333333
169,2015,10565000.0
169,2016,9520000.0
169,2017,11457000.0
169,2018,11298499.95
169,2019,4359113913.0
169,2020,12103888.8888889
169,2021,13322500.0
170,2010,3600000.0
170,2011,4555555.55555556
170,2012,5792500.0
170,2013,5622727.27272727
170,2014,6513846.15384615
170,2015,5233333.33333333
170,2016,7098333.33333333
172,2001,1540000.0
172,2002,1800000.0
172,2003,2430000.0
172,2004,1931250.0
172,2005,1792857.14285714
172,2006,2679000.0
172,2007,2521111.11111111
172,2008,16668958331.5
172,2009,2700000.0
172,2010,3160000.0
172,2011,2819999.8
173,2007,5963333.33333333
173,2009,5861666.66666667
173,2012,6962285.71428571
173,2013,7843333.33333333
173,2018,21455000.0
173,2019,19777000.0
173,2020,17173999.8
173,2021,22672222.2222222
173,2022,26802727.2727273
176,2007,4580000.0
176,2010,5842500.0
176,2011,6434000.0
176,2012,8449166.66666667
176,2013,8854166.66666667
176,2014,8961538.46153846
176,2015,10170646.4705882
176,2016,10247272.6363636
176,2017,21926000.0
176,2018,12876000.0
176,2019,13276666.6666667
176,2020,13278571.4285714
176,2021,14533684.2105263
176,2022,7156472629.0
177,2012,21176000.0
177,2016,29623333.3333333
179,2023,37596666.6666667
180,2004,1616667.33333333
180,2006,3000000.0
180,2007,3400000.0
180,2008,4834117.64705882
180,2009,2992857.14285714
180,2010,3492000.0
180,2011,4185555.55555556
180,2012,4495000.0
180,2013,3800000.0
180,2014,4852857.14285714
180,2016,5418000.0
200,2008,3933333.0
200,2009,4166666.66666667
200,2010,5066666.66666667
200,2012,5090000.0
200,2013,25004744999.75
200,2014,6343333.33333333
200,2017,9430000.0
200,2018,8796666.66666667
200,2019,12491800.0
200,2022,18466250.0
201,2005,2750000.0
201,2008,2900000.0
201,2011,4503333.33333333
201,2012,5419800.0
201,2013,10005146999.9
201,2014,6218000.0
201,2015,5658333.33333333
201,2017,7989166.66666667
201,2018,10337500.0
201,2019,10304500.0
201,2020,11665000.0
201,2021,5566674195.0
201,2022,12405625.0
201,2023,12778000.0
205,2023,31626666.6666667
208,2019,16125000.0
208,2020,18122500.0
208,2021,18209090.9090909
208,2023,24022857.1428571
212,2007,3333333.33333333
213,2010,3026666.66666667
213,2013,4912500.0
213,2015,6095000.0
213,2017,6823000.0
213,2018,6397857.14285714
213,2019,7509750.0
213,2020,9387333.33333333
213,2021,5273080526.26316
221,1999,1133333.33333333
226,2008,5663333.33333333
226,2014,7296000.0
240,2010,6025000.0
240,2011,6340000.0
240,2012,7453333.33333333
240,2013,7833333.33333333
240,2014,11119258888.7778
240,2015,10379230.7692308
240,2016,11066000.0
240,2017,11954000.0
240,2018,11354000.0
240,2019,13726666.6666667
241,2006,5266666.66666667
241,2008,6413333.33333333
241,2010,6412500.0
241,2012,11372500.0
241,2013,12585000.0
241,2014,12383333.3333333
241,2019,25563333.3333333
241,2020,21508333.1666667
242,2010,8325000.0
242,2012,9210000.0
246,2012,6117500.0
266,2017,5716666.66666667
266,2018,6194000.0
266,2019,6396000.0
266,2020,8066666.66666667
267,2014,6025000.0
267,2016,20006039999.8
267,2017,6923333.33333333
267,2018,5858000.0
269,2006,2333333.33333333
272,2004,2433333.33333333
276,2012,3937500.0
276,2013,4800000.0
276,2014,3897500.0
284,1997,6333333.33333333
284,2006,3550000.0
284,2008,7216666.66666667
284,2010,14291435714.1429
284,2011,8310000.0
284,2012,8350000.0
284,2013,11668888.8888889
284,2014,12620000.0
284,2015,12996666.6666667
284,2016,13244545.4545455
284,2017,16104545.4545455
284,2018,17484746.65
284,2019,19141111.1111111
284,2020,25047000.0
284,2021,27390562.5
284,2022,27602631.5789474
284,2023,32717777.7777778
285,2012,7398333.33333333
285,2013,7200000.0
285,2014,7167500.0
285,2015,7842727.27272727
285,2016,8561111.11111111
285,2017,9643333.33333333
285,2018,11351250.0
285,2019,10963333.3333333
286,2010,33337926666.3333
286,2011,8650000.0
286,2012,11693333.3333333
286,2013,8342484166.5
286,2014,13396923.0769231
286,2015,13472500.0
286,2016,17632777.7777778
286,2017,17017499.9375
286,2018,19812222.1666667
286,2019,21665384.6153846
286,2020,27305555.5555556
286,2021,33407202.7142857
286,2022,40816000.0
287,2007,5466666.66666667
287,2008,3066666.33333333
287,2010,7066666.66666667
287,2011,7525000.0
287,2012,7793333.33333333
287,2013,9409000.0
287,2014,9175555.55555556
287,2015,10950000.0
287,2016,8807272.63636364
287,2017,12510482499.875
287,2018,10972000.0
287,2019,13930000.0
287,2020,15826000.0
287,2022,25990000.0
287,2023,30730000.0
288,2012,17060000.0
288,2016,24242500.0
288,2019,33623333.3333333
288,2022,43633333.3333333
291,2012,5530000.0
291,2013,5394444.44444444
291,2014,6150000.0
291,2015,5640000.0
291,2016,6910000.0
291,2017,8022500.0
291,2018,7344285.71428571
291,2019,8592000.0
293,1999,5930000.0
293,2010,11294000.0
293,2011,12928333.3333333
293,2012,16571428.5714286
293,2013,15281538.4615385
293,2014,16585555.5555556
293,2015,20125714.2857143
293,2016,5904889411.70588
293,2017,4191449999.95833
293,2018,25220624.9375
293,2019,32824333.3333333
293,2020,37986538.4230769
293,2021,36450000.0
293,2022,46392500.0
293,2023,63908571.4285714
293,2024,87670000.0
296,2020,33358993333.0
298,2010,7223333.33333333
298,2013,10245000.0
298,2014,11918571.4285714
298,2015,12486000.0
298,2016,13953333.3333333
298,2017,15200666.6666667
298,2018,15462631.5263158
298,2019,17953333.3333333
298,2020,20581818.0909091
298,2021,28023333.3333333
298,2022,31062500.0
298,2023,31226666.6666667
299,2013,6683333.33333333
299,2014,7250000.0
299,2015,8408750.0
299,2016,8083333.33333333
299,2017,8434285.68571429
299,2018,9270833.33333333
299,2019,4010532399.96
299,2020,11063157.8947368
299,2021,11662222.2222222
299,2022,13311428.5714286
303,2013,2666666.66666667
304,2012,1784400.0
304,2013,2500000.0
304,2014,3526666.66666667
306,2019,8720000.0
312,2012,4775000.0
321,2013,11078000.0
321,2014,13250000.0
321,2021,34468000.0
322,2008,6700000.0
322,2012,11432500.0
322,2015,12960000.0
322,2016,17793333.3333333
322,2017,19530000.0
322,2018,21435247.5
322,2019,23126666.6666667
322,2020,31790000.0
322,2022,35180000.0
324,2016,11178000.0
324,2017,10970000.0
324,2018,13117500.0
324,2021,16372500.0
324,2022,17068000.0
325,2010,3330006.66666667
326,2007,6097500.0
326,2009,6231666.66666667
326,2010,7596666.66666667
326,2012,7370000.0
326,2013,8535000.0
326,2014,10525000.0
326,2015,11666250.0
326,2016,12063333.3333333
326,2019,17645714.2857143
328,2005,4580000.0
328,2008,5450000.0
328,2010,6283333.33333333
328,2013,7996666.33333333
328,2014,10630000.0
328,2015,10500000.0
328,2018,15767500.0
328,2019,16156666.6666667
329,2018,10363333.3333333
329,2019,8864000.0
329,2020,10145000.0
332,2012,10923333.3333333
333,2012,6862500.0
333,2013,7732500.0
333,2014,8105000.0
333,2019,13700000.0
334,2005,4133333.33333333
334,2006,4434615.38461538
334,2007,5010000.0
334,2008,5336900.0
334,2009,6127142.85714286
334,2010,7432000.0
334,2011,6988461.46153846
334,2012,8502727.27272727
334,2013,8954214.28571429
334,2014,9575384.61538462
334,2015,9947500.0
334,2016,11878666.6666667
334,2017,12279583.2916667
334,2018,3717106666.62963
334,2019,5276567894.63158
334,2020,15183076.9230769
334,2021,17038823.5294118
334,2022,17692352.8823529
334,2023,23972857.1428571
335,2005,5166666.66666667
335,2006,6590000.0
335,2007,6000000.0
338,2003,2400000.0
338,2008,6501818.18181818
338,2009,6827777.77777778
338,2010,6629090.81818182
338,2011,8717272.72727273
338,2012,8895555.55555556
338,2013,10929130.4347826
338,2014,12816666.6
338,2015,11985999.95
338,2016,14836000.0
338,2017,15146666.6666667
338,2018,16187000.0
338,2019,11127662222.1111
338,2020,25015817499.75
338,2021,23950000.0
338,2022,27323333.3333333
338,2023,27570000.0
339,2013,9522500.0
339,2014,9449999.75
339,2017,9866666.66666667
339,2018,12730000.0
339,2019,13420000.0
339,2021,18865000.0
340,2005,5562500.0
340,2008,6066666.66666667
340,2009,8498333.33333333
340,2010,8166666.66666667
340,2011,8911666.66666667
340,2014,10750000.0
340,2015,13825000.0
340,2016,12680000.0
340,2017,14940000.0
340,2018,16172500.0
340,2019,15930000.0
340,2020,24066666.6666667
345,2012,5866666.66666667
345,2013,8596666.66666667
345,2014,8043333.33333333
345,2016,8416666.66666667
345,2018,10992500.0
346,2011,3487500.0
346,2012,3805714.28571429
346,2013,4314285.71428571
346,2014,4800000.0
346,2018,6663333.33333333
346,2021,7300000.0
347,2007,2760000.0
347,2008,3146666.66666667
347,2009,3663333.33333333
348,2000,2975000.0
350,2005,3260000.0
350,2006,3133333.33333333
350,2007,3067333.33333333
350,2009,4500000.0
350,2010,4530000.0
350,2011,5150000.0
350,2012,7766666.66666667
350,2013,7528000.0
350,2014,7597500.0
350,2015,8133333.33333333
350,2016,9147500.0
350,2017,20008597999.8
350,2018,12013333.3333333
350,2020,33340763333.0
350,2021,15320000.0
350,2022,14483333.3333333
350,2023,16896666.6666667
352,2020,6648000.0
352,2021,6717500.0
352,2022,7495555.55555556
353,1998,1661250.0
353,2001,1783333.33333333
353,2004,2446666.66666667
353,2005,2362500.0
353,2006,3462500.0
353,2007,3365000.0
353,2008,3814285.71428571
353,2009,3496666.66666667
353,2010,3968888.88888889
353,2011,5850000.0
353,2012,5773912.60869565
353,2013,6063125.0
353,2014,6853200.0
353,2015,6889450.0
353,2016,7053913.0
353,2017,9049476.19047619
353,2018,7151868214.21429
353,2019,8255384.61538462
353,2020,8097333.33333333
353,2021,9616363.45454546
353,2022,10458571.4285714
353,2023,10962500.0
380,2011,17600000.0
380,2012,20354285.7142857
380,2013,20270000.0
380,2014,21993333.3333333
380,2015,21498571.4285714
380,2016,24900000.0
380,2018,30196666.6666667
380,2019,25163333.3333333
382,2011,12472500.0
382,2012,8683749.875
382,2013,13947000.0
382,2014,15708333.3333333
382,2015,17945000.0
382,2016,24794285.7142857
382,2017,23107777.7777778
382,2018,22581875.0
382,2019,23005000.0
382,2020,14310848571.2857
382,2021,35032000.0
382,2022,33263750.0
385,2007,5147500.0
385,2009,6730000.0
385,2010,5147499.75
385,2011,6719999.16666667
385,2012,10006300999.9
385,2013,7983333.33333333
385,2014,8534285.71428571
385,2015,8817500.0
385,2018,11756923.0769231
385,2019,14304545.4545455
385,2020,14985000.0
385,2021,17210000.0
385,2022,20770000.0
386,2023,30656666.6666667
389,1995,4150000.0
389,2012,10867500.0
389,2014,8824999.75
389,2015,13651666.6666667
389,2016,16347500.0
389,2019,19737500.0
393,2009,6000000.0
393,2010,5897500.0
393,2012,8075000.0
393,2013,8754285.71428571
393,2014,7151309999.92857
393,2015,10287692.3076923
393,2016,11048571.4285714
393,2017,11140588.1176471
393,2018,12910999.95
393,2019,15254090.9090909
393,2020,15644444.4444444
393,2021,19214000.0
393,2022,23178333.3333333
393,2023,21977000.0
395,2013,6496666.66666667
395,2014,7830000.0
395,2015,7990000.0
395,2017,8592500.0
395,2018,9602500.0
395,2019,14293267142.5714
395,2021,12467500.0
396,2006,5058000.0
396,2010,8318750.0
396,2011,8007142.85714286
396,2012,8932499.91666667
396,2013,10445000.0
396,2014,11774444.4444444
396,2015,12923750.0
396,2016,13687857.1428571
396,2017,14924166.6666667
396,2018,7707979999.92308
396,2019,19343333.3333333
396,2020,21972500.0
396,2021,23890000.0
399,2007,3833333.33333333
399,2009,4433333.33333333
399,2010,4376000.0
399,2011,4760000.0
399,2012,5496666.66666667
399,2015,7034285.71428571
399,2016,7400000.0
399,2019,9516666.66666667
400,2010,4022500.0
400,2011,4833316.66666667
400,2012,9096299999.90909
400,2013,6408888.88888889
400,2014,6014999.92857143
400,2015,7393462.57894737
400,2016,7331176.47058824
400,2017,8123000.0
400,2018,6674752666.53333
400,2019,9252500.0
400,2020,10113000.0
400,2021,10014615.3846154
400,2022,9101965454.45455
400,2023,12760000.0
401,2012,6100000.0
401,2013,5732307.69230769
401,2014,6426666.66666667
401,2015,6713000.0
401,2016,6910625.0
401,2017,7395714.28571429
401,2018,8395000.0
401,2019,7881428.5
401,2020,9439285.71428571
401,2021,10156000.0
401,2022,11156666.6666667
407,2008,2400000.0
407,2010,5962500.0
407,2011,5810000.0
407,2012,5597500.0
407,2013,6990947.75
407,2014,7327272.72727273
407,2015,8337777.77777778
407,2016,7339999.8
407,2017,9656000.0
407,2018,10508748.75
407,2019,11517500.0
407,2020,9099859090.72727
408,2022,29496666.6666667
409,2004,3317500.0
409,2006,4566666.66666667
409,2008,5183333.33333333
409,2009,4900000.0
409,2014,8672500.0
409,2023,17723333.3333333
410,2007,2716666.66666667
410,2008,3218000.0
410,2010,3628571.42857143
410,2011,3338999.9
410,2012,4918333.33333333
410,2013,7486363.63636364
410,2014,5369230.76923077
410,2015,5368000.0
410,2016,5517500.0
410,2017,3709448148.07407
410,2018,6615769.23076923
410,2019,5269533947.28947
410,2020,7243888.88888889
410,2021,4174007499.95833
410,2022,8083809.52380952
410,2023,9237146.93333333
414,2008,8317500.0
414,2012,9772500.0
414,2016,10996666.6666667
414,2017,13600000.0
414,2018,12690000.0
414,2019,15574000.0
414,2020,16287500.0
418,2017,9993333.33333333
418,2019,11765000.0
422,2019,54630000.0
423,2016,29460000.0
423,2017,19866666.6666667
423,2018,24039999.7142857
423,2019,26605000.0
425,2018,25595000.0
425,2019,37967500.0
431,2011,12260000.0
452,2013,5630000.0
452,2015,6566666.66666667
452,2017,9200000.0
452,2018,9002500.0
452,2020,9310000.0
453,2011,4233333.33333333
453,2013,5300000.0
453,2014,6156000.0
453,2015,7600000.0
453,2016,8266666.66666667
453,2017,7775000.0
453,2018,8200000.2
453,2019,8930000.0
453,2021,12245000.0
468,2007,3520000.0
468,2008,5533333.33333333
468,2009,4966666.66666667
468,2010,6533333.33333333
468,2013,8296000.0
468,2014,7173333.16666667
468,2015,9758333.33333333
468,2016,12282111.1111111
468,2017,13140000.0
468,2018,13830000.0
468,2019,15169090.9090909
469,2013,7260000.0
469,2017,7960000.0
470,2003,3275000.0
470,2005,3450000.0
470,2007,4550000.0
470,2008,4700000.0
470,2010,10480833.3333333
470,2011,5932222.22222222
470,2012,6830000.0
470,2013,6976142.85714286
470,2014,7623571.42857143
470,2015,9731485.59259259
470,2016,10013333.2222222
470,2017,10624999.9642857
470,2018,11575486.1666667
470,2019,12947142.8571429
470,2020,14699333.3333333
470,2021,16324223.3157895
470,2022,17632500.0
471,2009,4376666.66666667
471,2010,3125000.0
471,2011,4910000.0
471,2012,4942000.0
471,2013,5635000.0
471,2014,5795000.0
471,2015,5638181.72727273
471,2016,8894166.66666667
471,2017,8096666.66666667
471,2018,10932000.0
471,2019,9965714.28571429
471,2020,11160000.0
471,2021,15420000.0
472,2013,9985000.0
472,2014,10392000.0
472,2015,11317142.8571429
472,2016,13829333.3333333
472,2018,20973333.3333333
472,2019,22307500.0
472,2021,33353283333.0
473,2008,5327142.85714286
473,2011,6722500.0
473,2012,6955714.28571429
474,2013,10009562999.9
474,2014,10088235.2941176
474,2015,11763333.3333333
474,2016,12701000.0
474,2017,13072949.95
474,2018,15586641.025641
474,2019,17386666.6666667
474,2020,19568000.0
474,2021,19926190.4761905
474,2022,20405833.3333333
474,2023,20994999.9
475,2009,6200000.0
475,2011,8500000.0
475,2015,15266666.6666667
475,2016,13942857.1428571
475,2017,16154000.0
475,2018,16810001.2142857
475,2019,18465454.5454545
475,2020,7710671538.38461
475,2021,22804545.4545455
475,2022,27438749.875
475,2023,29996666.6666667
492,2013,23226666.6666667
513,2011,17733333.3333333
517,2014,20630000.0
542,2014,10963333.0
542,2015,17595000.0
564,2018,29826666.6666667
570,2017,24624000.0
570,2020,26912500.0
570,2022,39990000.0
571,2012,10033333.3333333
571,2013,11620000.0
575,2013,12557500.0
575,2014,12780000.0
575,2015,16281428.5714286
575,2016,15982727.2727273
575,2017,16096000.0
575,2018,17067500.0
575,2019,16684674999.8333
575,2020,23102500.0
575,2021,26734000.0
583,2020,9574000.0
583,2021,10291111.1111111
583,2022,12256666.6666667
586,2013,3845000.0
586,2014,4537500.0
586,2016,5982000.0
586,2017,5600833.33333333
586,2018,5804000.0
586,2019,7699166923.0
586,2020,7143846.15384615
586,2021,7407241.37931035
586,2022,7821785.71428571
586,2023,9154545.45454546
595,2012,10958000.0
595,2014,10852000.0
595,2016,11650000.0
595,2019,15793333.3333333
595,2021,20293333.3333333
595,2022,31160000.0
598,2014,7826666.66666667
598,2015,9693333.33333333
598,2016,10692000.0
598,2017,9989230.69230769
598,2018,16676538333.1667
598,2019,14124166.6666667
598,2020,10012143999.9
598,2021,17192500.0
598,2022,20732000.0
599,2007,7750000.0
599,2011,9833333.33333333
599,2015,13030000.0
599,2017,18903333.3333333
599,2018,9106779999.81818
599,2019,20192222.2222222
599,2020,33349829999.6667
599,2021,19749999.75
600,2007,6733333.33333333
600,2010,7499999.66666667
600,2013,16000000.0
600,2015,16715000.0
600,2016,20710000.0
601,2008,5396666.66666667
601,2011,6263333.33333333
601,2012,6998333.33333333
601,2013,7366666.66666667
601,2014,5559999.66666667
602,2000,3166666.66666667
602,2008,7066666.66666667
602,2012,8563333.33333333
602,2013,10067000.0
602,2014,9184583.29166667
602,2015,3713359629.59259
602,2016,12719130.4347826
602,2017,12066399.92
602,2018,3138483124.96875
602,2019,2513279499.95
602,2020,16509285.6785714
602,2021,19551432.4054054
602,2022,19703243.2432432
602,2023,26561111.1111111
606,2019,11360000.0
606,2020,12177500.0
606,2021,15433333.3333333
606,2022,15792000.0
609,2009,6422500.0
609,2011,6600000.0
609,2013,6520000.0
609,2014,9313333.33333333
609,2015,10378333.3333333
609,2016,11770000.0
609,2017,11608142.8571429
609,2018,13072499.9642857
609,2019,11895384.5384615
609,2020,14665000.0
609,2021,14839000.0
609,2022,17301000.0
609,2023,25442500.0
610,2012,5181666.66666667
610,2013,5200000.0
610,2014,5372500.0
610,2015,5746000.0
610,2016,7135714.28571429
610,2017,8331111.11111111
610,2018,7304444.44444444
610,2019,7518571.42857143
610,2020,9224999.92857143
610,2021,11006116.6666667
610,2022,10482146.75
610,2023,12682000.0
611,2007,2075000.0
611,2010,11087500.0
612,2007,4000000.0
612,2011,4003750.0
612,2012,5097500.0
612,2013,5142500.0
612,2016,6463333.33333333
613,2004,6566666.66666667
613,2005,5686000.0
613,2006,6887500.0
613,2010,7490000.0
613,2011,7158181.81818182
613,2012,6464999.9375
613,2013,8048000.0
613,2014,8651428.57142857
615,2011,4566666.66666667
615,2015,6866666.66666667
615,2016,7233333.33333333
615,2017,8478750.0
615,2018,9392000.0
615,2019,20007795799.8
615,2021,12641666.6666667
615,2022,16496666.6666667
616,2011,7015000.0
616,2012,7207777.77777778
616,2013,7464000.0
616,2014,7398947.31578947
616,2015,8826667.04761905
616,2016,9363124.9375
616,2017,10457419.3548387
616,2018,12029523.8095238
616,2019,11523750.0
616,2020,13088000.0
616,2021,14052857.1428571
616,2022,15353333.3333333
616,2023,19253333.3333333
617,1999,3293333.33333333
620,2013,12300000.0
620,2014,10412000.0
620,2015,12991666.6666667
620,2016,13675000.0
620,2017,14412222.2222222
620,2018,16383000.0
620,2020,21908333.3333333
621,2012,9826666.66666667
622,2010,7513333.33333333
622,2011,8600000.0
622,2012,7833333.33333333
622,2013,9670000.0
622,2014,10275000.0
622,2015,5565069999.94444
622,2020,13775714.1428571
622,2021,19076470.5882353
622,2022,23290000.0
622,2023,29917500.0
624,2012,4627142.85714286
624,2013,4585000.0
624,2014,5462500.0
624,2015,5647500.0
624,2016,5132499.91666667
624,2017,6367142.85714286
624,2018,5381250.125
624,2019,6822500.0
636,2014,6643750.0
636,2015,9347500.0
636,2016,7246000.0
636,2019,9490000.0
636,2021,11816000.0
636,2022,13199375.7272727
636,2023,13467500.0
639,2013,8024444.44444444
642,2010,3515000.0
642,2012,4263333.33333333
642,2013,14289428571.2857
642,2014,5618333.33333333
642,2015,5735000.0
642,2016,6455000.0
642,2017,7511428.57142857
642,2018,4006913599.96
642,2019,8392142.78571429
642,2020,10506296.2962963
642,2021,10163846.0769231
642,2022,13781666.5833333
642,2023,18520000.0
642,2024,18190000.0
644,2013,7472500.0
644,2014,7425000.0
644,2017,33339926666.3333
644,2020,16090000.0
644,2021,15695000.0
646,2016,15420000.0
646,2017,15080000.0
646,2018,16877139.0
650,2018,16351999.9
650,2019,16767142.7142857
650,2020,19895000.0
650,2023,28026666.6666667
650,5008,19640000.0
651,2009,5263333.33333333
652,2003,2826666.66666667
654,2009,4796666.66666667
654,2011,5696666.66666667
654,2012,5900000.0
654,2013,7342500.0
654,2014,8478000.0
654,2015,8525714.28571429
654,2016,11770000.0
654,2017,11914000.0
654,2018,11871875.0
654,2019,13947777.7777778
654,2020,15038571.4285714
654,2021,13726500.0
654,2022,19166714.5
654,2023,21396250.0
655,2004,3100000.0
655,2006,3081666.66666667
655,2007,4141666.66666667
655,2008,4650000.0
657,2015,10466666.6666667
657,2017,14133846.1538462
657,2018,16025625.0
657,2019,16219166.6666667
657,2020,17335789.4210526
657,2021,3864785384.53846
657,2022,21754000.0
657,2023,20733846.0
657,3008,18785714.2857143
658,2008,3766666.66666667
658,2009,3475000.0
658,2010,3600000.0
658,2011,3803333.33333333
658,2012,4272000.0
658,2013,6547500.0
659,2003,1833333.33333333
659,2004,2940000.0
659,2005,14288905714.1429
659,2006,2650000.0
659,2007,2636666.55555556
664,2012,22596666.6666667
664,2015,34593333.3333333
664,2017,50195000.0
664,2018,44656666.6666667
679,2007,1974999.75
679,2013,9060000.0
683,2011,25005597499.75
683,2012,5800000.0
683,2013,6700000.0
683,2017,13213333.3333333
683,2018,15307500.0
683,2022,20012000.0
684,2019,18133333.3333333
685,2014,4636666.66666667
685,2015,6880000.0
685,2016,6695714.28571429
686,2015,5973750.0
686,2016,6895000.0
686,2017,7652307.69230769
686,2018,6257193124.9375
686,2019,9600666.66666667
686,2020,8795714.28571429
686,2021,10714000.0
686,2022,14295695714.1429
687,2003,2183333.33333333
687,2004,2216666.66666667
687,2005,2840000.0
687,2006,3643333.33333333
687,2017,10007161999.9
687,2018,8328571.42857143
687,2019,8451875.0
687,2020,8588181.81818182
687,2021,9332500.0
697,2005,3500000.0
698,2005,2926666.66666667
698,2008,5196666.66666667
698,2010,11114721111.0
698,2011,4613200.0
698,2012,10003589999.9
698,2013,4236470.58823529
700,2021,24492500.0
700,2022,18263333.3333333
701,2021,11286666.6666667
708,2013,7193333.33333333
709,2019,8900000.0
716,2013,9235000.0
716,2014,9267500.0
716,2016,11295000.0
717,2014,9738000.0
717,2015,12508968749.875
717,2016,10296666.6666667
717,2019,17666666.6666667
717,2020,18465000.0
717,2021,19244999.8333333
717,2022,28037142.8571429
717,2023,27413333.3333333
718,2010,5100000.0
718,2013,5930000.0
719,2011,6596666.66666667
719,2012,7698867692.23077
719,2013,8454285.71428571
719,2014,8118571.42857143
719,2015,9349333.33333333
719,2016,9311304.34782609
719,2017,9954782.60869565
719,2018,10296666.6
719,2019,11631333.2666667
719,2020,13651428.5714286
720,2019,17496666.6666667
720,2020,18966000.0
720,2021,4016710399.92
720,2022,22056923.0769231
720,2023,23090000.0
721,2011,6425000.0
721,2013,7586250.0
721,2014,7462857.14285714
721,2015,7565555.55555556
721,2018,33340833333.0
721,2019,11530000.0
721,2020,12880000.0
721,2021,15345000.0
721,2022,17030000.0
722,2009,5733333.33333333
722,2010,5733333.33333333
723,2011,6420000.0
723,2012,8061666.66666667
723,2013,8636000.0
723,2014,10000833.3333333
723,2015,11033333.3333333
723,2016,11133749.9375
723,2017,13453333.3333333
723,2018,15116666.6666667
723,2019,15850761.5384615
723,2020,16158888.8888889
723,2021,16411111.0
723,2022,20551428.5714286
723,2023,21479000.0
724,2008,7320000.0
724,2010,7690000.0
724,2012,9963333.33333333
725,2011,5637499.75
725,2012,9131666.66666667
725,2014,12242500.0
725,2015,14035555.5555556
725,2016,13622641.6666667
725,2017,16518750.0
725,2019,19610000.0
725,2021,25117500.0
725,2022,25020709999.75
727,2005,8000000.0
727,2007,5247500.0
727,2008,5533333.33333333
727,2010,6100000.0
727,2011,33336166666.0
727,2012,9870000.0
727,2016,10644285.7142857
727,2017,12038714.7777778
727,2018,12452222.2222222
727,2019,13393846.1538462
727,2020,14850000.0
727,2021,15452000.0
727,2022,17508888.8888889
728,2003,4230000.0
728,2011,7218000.0
728,2013,8795555.55555556
728,2014,10979000.0
728,2015,11422000.0
728,2016,11933076.9230769
728,2017,14883000.0
728,2018,15328333.3333333
728,2019,16821818.0909091
728,2020,20017109999.8
728,2021,19713076.8461538
728,2022,24326666.6666667
728,2023,25576000.0
732,2021,14193333.3333333
734,2016,11119644444.3333
734,2017,8534705.70588235
734,2018,11621818.1818182
734,2019,12538888.8888889
734,2021,13382472.0
734,2022,14916000.0
735,2011,4930000.0
735,2012,4575000.0
735,2013,5113076.92307692
735,2015,5847500.0
735,2016,9030000.0
736,2006,3616666.66666667
736,2008,4300000.0
736,2009,3395000.0
736,2010,12503781249.875
736,2011,4856666.66666667
736,2012,5214444.44444444
736,2013,6414000.0
736,2014,5561428.57142857
736,2015,6602777.77777778
736,2016,6850399.6
736,2017,7083571.39285714
736,2018,2446778292.65854
736,2019,9622500.0
736,2020,8126666.55555556
736,2021,9051818.18181818
736,2022,5009240202.05
736,2023,11713846.1538462
741,2008,1972500.0
743,2010,5043333.33333333
743,2011,6500000.0
744,2016,8216666.66666667
744,2017,8239999.83333333
744,2019,14196666.6666667
744,2022,8347149166.58333
745,2018,7730000.0
746,2005,4912500.0
746,2008,5825000.0
746,2010,6498333.33333333
746,2011,4659999.66666667
746,2012,6050000.0
746,2013,8942111.11111111
746,2014,8233333.33333333
746,2015,8525555.55555556
746,2016,9208823.52941176
746,2017,10586000.0
746,2018,9887777.77777778
746,2019,16678808333.1667
747,2003,4633333.33333333
747,2005,4833333.33333333
747,2006,5550000.0
747,2007,5075000.0
747,2008,6347500.0
747,2009,6070000.0
747,2010,9096879090.81818
747,2011,6761428.57142857
747,2012,8173750.0
747,2013,8163529.41176471
747,2014,7614615.30769231
747,2015,8161764.70588235
747,2016,9552380.95238095
747,2017,9980000.0
747,2018,11991818.1818182
747,2019,11884285.7142857
748,2010,3666666.66666667
748,2011,3578166.66666667
748,2012,3975000.0
748,2013,4190833.33333333
748,2014,4575000.0
748,2016,3763333.33333333
748,2017,5515000.0
748,2018,6014285.71428571
748,2019,5925714.28571429
748,2021,6581250.0
749,2022,9716666.66666667
750,1998,2307500.0
750,1999,2150000.0
750,2017,7860000.0
750,2018,10342413.7586207
750,2019,8708333.27777778
750,2020,3133489062.46875
750,2021,9144999.95833333
750,2022,10086000.0
750,2023,12345000.0
752,2008,2696666.66666667
752,2011,2162500.0
752,2012,3150000.0
752,2013,3540000.0
752,2014,3540000.0
752,2016,4305000.0
752,2017,4016000.0
752,2018,4659000.0
752,2019,4728888.88888889
752,2020,14290064285.5714
752,2021,5341666.66666667
752,2022,5990000.0
753,2005,3012500.0
753,2007,3525000.0
756,2000,3700000.0
756,2004,2920000.0
756,2005,11113926888.7778
756,2006,3803076.92307692
756,2007,4226153.84615385
756,2008,4506926.38461538
756,2009,7696409846.07692
756,2010,5387777.66666667
756,2011,4267499.875
756,2012,6642222.22222222
756,2013,10113333.3333333
756,2014,14572500.0
756,2015,6630909.09090909
756,2016,7718461.53846154
756,2017,8213076.92307692
756,2018,10609000.0
756,2019,10584285.7142857
756,2020,10810000.0
756,2021,10864000.0
756,2022,7702734615.30769
757,2011,5424285.71428571
757,2012,6380000.0
757,2014,6266666.66666667
758,2011,14563333.3333333
760,2005,5763333.33333333
760,2007,5233333.33333333
760,2008,6416250.0
760,2009,6830000.0
760,2010,25004672499.75
760,2011,7749000.0
760,2012,7150474999.92857
760,2013,7991249.9375
760,2014,10239047.6190476
760,2015,10599473.6842105
760,2016,11240384.5769231
760,2017,13232875.0
760,2018,13885357.1428571
760,2019,15376315.7894737
760,2020,17268777.7777778
760,2021,18326153.8461538
760,2022,20187000.0
760,2023,23653333.3333333
762,1997,4600925.66666667
762,2007,8225000.0
762,2011,9160000.0
762,2012,12000000.0
762,2013,12419000.0
762,2014,11659166.6666667
762,2015,11780000.0
762,2016,14097500.0
762,2017,16735333.3333333
762,2018,14307187.5
762,2019,15360227.2727273
762,2020,15338125.0
762,2021,18299000.0
762,2022,21701538.4615385
762,2023,27865000.0
763,1997,2466666.66666667
763,2006,4100000.0
763,2007,4380000.0
763,2010,16872500.0
763,2011,6238000.0
763,2012,5397500.0
763,2013,6522500.0
763,2014,7935000.0
763,2015,7260000.0
763,2016,9025000.0
763,2017,10357000.0
763,2018,11260000.0
763,2019,11711428.5714286
763,2021,16826666.6666667
763,2022,18510000.0
763,2023,19248214.2857143
766,2018,23160000.0
766,2019,22515000.0
766,2022,26359999.8333333
770,2008,4937500.0
770,2014,7700000.0
771,2005,8250000.0
771,2008,8833333.33333333
771,2010,15830000.0
771,2011,11097272.7272727
771,2012,13567500.0
771,2013,14977000.0
771,2014,17700000.0
771,2017,24512000.0
771,2022,30626666.6666667
774,2013,8150000.0
774,2014,11586666.6666667
774,2015,10323333.3333333
774,2017,14596666.6666667
774,2018,15127142.8571429
774,2019,18521724.137931
774,2020,17235714.2857143
774,2021,19722636.3636364
776,2012,13637999.8
776,2013,20004453999.8
776,2016,7149633571.35714
776,2017,7988571.42857143
776,2018,7592307.69230769
776,2019,8285625.0
776,2020,9410000.0
776,2021,10110000.0
776,2022,11695000.0
776,2023,20011295999.8
777,2018,8790000.0
777,2019,9458000.0
777,2020,14293994285.5714
777,2021,10190672.7857143
777,2023,15092500.0
780,2004,2630000.0
780,2011,3524999.75
780,2012,33335896666.3333
780,2013,4300000.0
780,2014,5233333.33333333
780,2016,5918571.42857143
780,2017,6953750.0
780,2018,5562180555.5
780,2019,6481538.46153846
780,2020,6673975333.26667
780,2021,7787777.74074074
780,2022,8219642.5
780,2023,8052857.14285714
781,2005,4763333.33333333
781,2012,7025000.0
781,2015,8692857.14285714
781,2016,11057692.3076923
781,2017,11788823.5294118
781,2018,12305454.5454545
781,2019,15126363.6363636
783,2010,4487500.0
783,2017,8377500.0
787,2005,20001635999.6
792,2011,10716666.6666667
792,2012,9750000.0
792,2014,11594000.0
792,2015,13461000.0
792,2016,7704019999.84615
792,2017,16376315.7894737
792,2018,15517600.0
792,2019,17533333.3333333
792,2020,18365454.5454545
792,2021,5902968823.47059
792,2022,16463333.3333333
793,2017,31320000.0
793,2018,35326666.6666667
793,2019,38904285.7142857
793,2022,48864999.75
793,2023,59560000.0
795,2011,10465000.0
795,2013,10061666.5
795,2014,10158750.0
795,2015,14793333.3333333
795,2018,27634285.7142857
795,2021,43274000.0
795,2022,39126666.6666667
798,2018,17793333.3333333
800,2014,10821666.6666667
800,2015,10688000.0
800,2016,12065714.2857143
800,2017,14255000.0
800,2018,13414000.0
800,2019,18146666.6666667
802,2011,8950000.0
802,2013,8806000.0
802,2014,11134000.0
802,2016,13356250.0
802,2017,16676938333.1667
802,2018,14952000.0
802,2019,17728750.0
802,2021,28392500.0
802,2022,31656666.6666667
805,2012,7306666.66666667
805,2013,7555714.28571429
810,2013,6152500.0
810,2014,6805384.53846154
810,2015,7162857.07142857
810,2016,7983809.47619048
810,2017,8683461.53846154
810,2018,8575200.0
810,2019,9271333.33333333
810,2020,9624000.0
810,2021,12095294.1176471
810,2022,14445000.0
810,2023,10010620999.8
812,2014,10842500.0
813,2014,5700000.0
813,2015,7278000.0
813,2016,6296250.0
813,2017,6576000.0
813,2018,7655000.0
813,2019,9070000.0
813,2020,9252857.14285714
813,2021,11471250.0
813,2022,9292222.11111111
815,2021,7893333.33333333
815,2022,9098548181.72727
816,2018,20823333.3333333
816,2019,25130000.0
816,2020,28293333.3333333
818,2014,10263333.3333333
819,2015,5441666.66666667
819,2016,5381250.0
819,2017,5768888.88888889
819,2018,6550909.09090909
819,2019,37504446249.625
819,2020,6567500.0
819,2021,7162500.0
819,2022,8393333.33333333
820,2014,7245999.8
820,2015,7457692.30769231
820,2016,8500000.0
820,2017,8826666.66666667
820,2018,9738181.81818182
820,2019,10215882.3529412
820,2020,11140000.0
820,2021,7704134615.30769
820,2022,13427222.2222222
820,2023,14441666.6666667
823,2014,5645000.0
823,2018,7063333.33333333
823,2020,10230000.0
823,2021,10135000.0
823,2022,11914000.0
823,2023,12620000.0
824,2013,6118000.0
824,2017,7643333.33333333
824,2018,7643333.33333333
824,2019,9236666.66666667
827,2015,5366666.66666667
827,2016,6423333.33333333
827,2018,6104000.0
827,2019,7032000.0
827,2021,7496666.66666667
830,2013,7550000.0
830,2014,8130000.0
830,2015,7522500.0
830,2017,10951428.5714286
830,2018,10076666.6666667
830,2019,10067142.8571429
831,2010,3700000.0
832,2012,5100000.0
832,2014,5666666.66666667
833,2008,2995000.0
835,2020,16975000.0
880,2012,57563333.3333333
890,2015,14730000.0
890,2016,21493333.3333333
890,2017,17563333.3333333
890,2018,18560000.0
890,2019,19990000.0
890,2021,27160000.0
890,2022,33772000.0
890,2023,32492500.0
901,2014,5693333.33333333
908,2008,2612500.0
908,2010,2650000.0
908,2011,2889473.57894737
908,2012,5885395294.05882
908,2013,3718888.88888889
908,2014,4070833.33333333
908,2015,11115237777.6667
908,2016,4910000.0
908,2018,5863333.33333333
908,2019,6080909.09090909
908,2020,6515555.55555556
908,2021,7012727.27272727
944,2013,3923333.33333333
944,2014,33336233333.0
944,2016,4963333.33333333
944,2018,6387500.0
944,2019,5596000.0
968,2013,8746666.66666667
988,2013,4500000.0
988,2014,6835000.0
988,2016,7198333.33333333
988,2017,7093333.33333333
988,2018,7742500.0
988,2019,7625384.61538462
1034,2018,7052000.0
1034,2019,6936000.0
1034,2022,9240000.0
1043,2019,8707500.0
1058,2012,3135000.0
1058,2013,3890000.0
1058,2014,4918000.0
1058,2015,3549999.75
1058,2016,5406000.0
1058,2017,6238000.0
1058,2018,4969999.77777778
1096,2021,22490000.0
1096,2022,16689669999.8333
1106,2018,4863300.0
1106,2019,5272500.0
1138,2014,4038000.0
1138,2016,4422500.0
1161,2010,8182500.0
1161,2011,6549999.75
1161,2012,8917500.0
1161,2015,33341766666.3333
1161,2016,17766666.6666667
1161,2017,20564000.0
1161,2018,20276666.6666667
1185,2013,32816666.6666667
1189,2019,12512584999.875
1189,2020,14940000.0
1189,2021,17186666.6666667
1189,2022,16690000.0
1192,2010,7793333.33333333
1209,2012,4162500.0
1209,2013,4583333.33333333
1209,2016,6195000.0
1215,1994,2850000.0
1215,1999,3223333.16666667
1312,1992,733500.0
1312,1996,1633333.33333333
1312,1997,2550000.0
1312,1999,3766666.66666667
1322,2006,10363333.3333333
1322,2008,11193333.3333333
1360,2008,15080000.0
1360,2014,10130000.0
1360,2015,7192999.9
1360,2017,8585999.9
1360,2018,11429166.6666667
1360,2019,11392000.0
1360,2020,13785376.8461538
1360,2021,15052941.1470588
1360,2022,18012500.0
1360,2023,21818181.8181818
1362,2013,14293698571.2857
1362,2014,34553333.3333333
1362,2015,10963333.3333333
1365,2023,6386666.66666667
1372,2014,4667500.0
1372,2018,5693333.33333333
1372,2020,7397142.85714286
1372,2021,14292208571.2857
1372,2022,8492916.66666667
1372,2023,7639999.91666667
1378,2019,21288333.3333333
1391,2013,3565000.0
1395,2014,4630000.0
1395,2016,5613333.33333333
1395,2017,4200000.0
1395,2019,6507500.0
1399,2017,34290000.0
1403,2015,6580000.0
1403,2018,8116666.66666667
1404,2016,7196666.5
1404,2017,9554000.0
1404,2018,9496000.0
1404,2019,9437500.0
1407,2018,12456666.6666667
1407,2019,13716666.6666667
1408,2021,10370000.0
1409,2016,8563333.33333333
1409,2018,9500000.0
1409,2019,11546666.6666667
1409,2020,12600000.0
1409,2021,15066250.0
1409,2022,17677142.8571429
1409,2023,19135000.0
1437,2018,42510000.0
1438,2017,26483333.3333333
1444,2021,27956666.6666667
1446,2006,15316666.6666667
1447,2016,11796666.3333333
1447,2017,12188181.8181818
1447,2018,13320769.2307692
1447,2019,14645000.0
1447,2021,14693333.3333333
1449,2015,25396666.6666667
1450,2015,6893333.33333333
1450,2016,8463333.33333333
1450,2017,9796666.66666667
1450,2018,8574000.0
1450,2019,9446250.0
1450,2020,10160000.0
1450,2021,11965000.0
1450,2022,12808888.8888889
1450,2023,14760000.0
1453,2015,7993333.33333333
1453,2016,8972000.0
1453,2017,10281428.5714286
1453,2019,11335000.0
1453,2021,12993333.3333333
1454,2016,11594814.7777778
1454,2017,14221428.5714286
1454,2018,13705128.1538462
1454,2019,4362203695.6087
1454,2020,2645974999.97368
1454,2021,18269166.6666667
1454,2022,22215000.0
1458,2017,28430000.0
1458,2018,29925000.0
1459,2018,20216666.6666667
1463,2017,27912000.0
1463,2018,35954000.0
1463,2019,35330000.0
1471,2017,10820000.0
1471,2018,10371666.6666667
1471,2019,11450666.6666667
1471,2020,12132000.0
1471,2021,16676318333.1667
1471,2022,8347655833.25
1471,2023,16371153.8461538
1475,2019,6376666.66666667
1475,2022,8867250.0
1481,2022,18170000.0
1481,2023,19767500.0
1487,2016,6657500.0
1487,2017,6318000.0
1487,2019,6461666.66666667
1509,2016,6317500.0
1637,2016,8931428.57142857
1637,2017,10406000.0
1637,2018,11005714.2857143
1637,2019,11831250.0
1637,2020,12946666.6666667
1637,2021,10012071999.9
1637,2022,13162500.0
1637,2023,16376666.6666667
1640,2015,7432500.0
1640,2016,11885998.0
1640,2018,10592500.0
1640,2019,11826000.0
1640,2020,11717500.0
1669,2018,5433333.33333333
1673,2019,7056250.0
1673,2021,8135000.0
1673,2022,8505833.33333333
1673,2023,8926666.66666667
1685,2017,7397625.0
1685,2018,6696666.66666667
1685,2019,7574600.0
1685,2020,7325000.0
1688,2021,12660000.0
1689,2017,7995000.0
1689,2018,9567500.0
1689,2019,10793333.3333333
1691,2014,4666666.66666667
1691,2015,5462500.0
1691,2016,16671731666.5
1691,2017,13338813333.2
1691,2018,6308947.36842105
1691,2019,7140588.23529412
1691,2020,7292000.0
1691,2021,5007463999.95
1691,2022,8458125.0
1691,2023,9177271.81818182
1693,2017,6813846.15384615
1693,2018,7140000.0
1693,2019,7504545.45454545
1693,2020,8270000.0
1693,2021,9656250.0
1693,2022,10447942.0
1693,2023,11342727.2727273
1698,2017,22063333.3333333
1698,2019,26608000.0
1705,2014,18456666.6666667
1712,2019,8026666.66666667
1712,2020,7615000.0
1713,2021,6972500.0
1713,2022,6543500.0
1713,2023,7295000.0
1717,2015,11296666.6666667
1721,2019,22365000.0
1722,2017,9455000.0
1722,2018,10810000.0
1722,2021,11906666.6666667
1722,2022,31664285.7142857
1723,2017,8626666.66666667
1804,2018,28993333.3333333
1804,2022,53656666.6666667
1806,2017,8339587916.58333
1806,2018,7258666.66666667
1806,2019,7556111.11111111
1806,2020,8110714.28571429
1808,2019,11118735555.3333
1808,2020,9064545.45454546
1808,2021,10558333.3333333
1808,2022,10366666.6666667
1829,2017,10211000.0
1829,2018,3714122592.55556
1829,2019,10912500.0
1829,2020,10121428.4285714
1829,2021,12929090.9090909
1829,2022,13114000.0
5564,2017,9930000.0
5564,2018,9415000.0
5564,2019,10641250.0
5564,2021,12317500.0
5564,2022,13490000.0
5564,2023,14223333.3333333
5569,2018,18729999.8333333
5571,2018,18893333.3333333
5571,2020,21534000.0
5571,2021,22060000.0
5578,2017,46620000.0
5579,2018,7752857.14285714
5579,2019,9110000.0
5579,2020,10043333.3333333
5579,2021,9099903636.27273
5579,2022,10529375.0
5579,2023,13140000.0
5583,2018,5982857.14285714
5583,2019,6096666.66666667
5586,2018,8790000.0
5586,2019,8454000.0
5586,2020,5008454499.95
5586,2021,9301698.09433962
5586,2022,9778400.0
5586,2023,10891753.3333333
5587,2017,5400000.0
5587,2018,7267500.0
5587,2019,8330000.0
5587,2023,13655555.5555556
5588,2017,7820000.0
5588,2018,8930000.0
5588,2021,11330000.0
5588,2023,12036666.6666667
5590,2018,14432500.0
5590,2019,13465714.2857143
5590,2020,13619615.3846154
5590,2021,15524444.4074074
5590,2022,2872495714.22857
5590,2023,18497500.0
5591,2021,11872500.0
5596,2018,6611666.66666667
5596,2019,8730000.0
5598,2021,9323333.33333333
5599,2019,16674344999.8333
5599,2020,9490000.0
5599,2021,9832000.0
5599,2022,33340829999.6667
5599,2023,14223333.3333333
5600,2018,8953333.33333333
5600,2019,9664999.94444444
5600,2020,9887500.0
5600,2021,10688750.0
5600,2022,14393333.3333333
5601,2021,66676999999.3333
5601,2022,49660000.0
5603,2018,5519999.75
5603,2019,6713333.33333333
5603,2020,10193333.3333333
5603,2021,9170000.0
5603,2022,11126666.6666667
5605,2020,11162000.0
5605,2021,10940000.0
5605,2023,12980000.0
5640,2020,11393333.3333333
5643,2018,7087500.0
5643,2019,6913333.33333333
5643,2020,7120000.0
5643,2021,11819230.7692308
5643,2022,12170000.0
5643,2023,12709999.8333333
5645,2017,23400000.0
5645,2019,26620000.0
5645,2020,35952222.2222222
5645,2021,6287142499.9375
5645,2022,32021249.875
5650,2017,33338129999.6667
5650,2018,6672500.0
5650,2019,7056666.66666667
5650,2021,7630000.0
5803,2013,11133000.0
5803,2014,13590000.0
5803,2017,18796666.6666667
5803,2018,20176000.0
5803,2019,23192500.0
5803,2020,22981111.1111111
5803,2021,9112794545.36364
5803,2022,29387777.7777778
5803,2023,40496666.6666667
5830,2015,18296666.6666667
5830,2018,21323333.3333333
5830,2019,25936000.0
5832,2022,45707500.0
5845,2022,9323333.33333333
5845,2023,10110000.0
5846,2019,28867500.0
5846,2021,19163333.0
5848,2019,8626666.66666667
5848,2022,25007592499.75
5849,2019,24090000.0
5849,2021,31783000.0
5853,2018,5316666.66666667
5853,2019,6733333.33333333
5856,2020,7993333.33333333
5856,2021,6994999.75
5857,2020,7651428.57142857
5859,2020,6528000.0
5861,2019,6417500.0
5863,2019,16890000.0
5865,2023,17280000.0
5866,2018,5713333.33333333
5866,2020,7242857.14285714
5866,2021,6923333.33333333
5868,2018,7947500.0
5868,2019,7440000.0
5868,2020,25005972499.75
5868,2021,7592500.0
5868,2022,8577272.72727273
5868,2023,9106666.66666667
5872,2023,41623333.3333333
5878,2021,26323333.3333333
5879,2021,12790000.0
5879,2022,13874642.8571429
5879,2023,13910000.0
5880,2019,7960000.0
5880,2021,9270000.0
5880,2022,6675622666.6
5880,2023,11952857.1428571
5881,2019,8626666.66666667
5882,2017,6547500.0
5882,2018,6765000.0
5882,2019,6256457499.9375
5882,2020,6595714.14285714
5882,2021,2710407567.54054
5882,2022,2049252448.93878
5882,2023,10090000.0
5884,2020,16390000.0
5884,2021,16746666.6666667
5885,2020,7046666.55555556
5885,2021,7666666.66666667
5885,2022,7054000.0
5885,2023,9372500.0
5888,2020,16672500.0
5888,2021,16590000.0
5889,2021,11167145.0
5889,2022,14169090.9090909
5889,2023,13918888.8888889
5892,2022,9470000.0
5892,2023,10123333.3333333
5900,2021,13044375.0
5900,2022,13477777.7777778
5902,2021,11734000.0
5902,2023,14760000.0
5904,2021,9695000.0
5905,2021,9975000.0
5905,2022,13230000.0
5907,2018,6726666.66666667
5909,2021,9188333.33333333
5909,2022,9063333.33333333
5910,2020,10460000.0
5910,2021,12272000.0
5910,2022,6677888666.6
5910,2023,13503333.3333333
5911,2020,16847500.0
5911,2021,17763333.3333333
5911,2022,12647500.0
5914,2020,10975000.0
5914,2021,8321428.42857143
5914,2022,14316666.6666667
5916,2020,8345000.0
5916,2021,9279166.66666667
5916,2022,9860000.0
5917,2021,7416000.0
5917,2022,8920819.375
5922,2020,16335000.0
5922,2021,18803750.0
5922,2022,17896666.6666667
5940,2014,5249997.5
5940,2017,8230000.0
5940,2018,9356000.0
5940,2019,8189466.66666667
5940,2020,20007595999.8
5940,2021,9516000.0
5940,2022,40005455999.6
5941,2021,11934000.0
5943,2021,12111000.0
5943,2022,6468181.81818182
5943,2023,6808000.0
5944,2021,12680000.0
5944,2022,13730000.0
5944,2023,14949416.6666667
5946,2020,23830000.0
5947,2021,14248000.0
5947,2022,13711251.0
5947,2023,16747500.0
5952,2021,7470000.0
5952,2022,5163333.0
5955,2021,12927647.0588235
5955,2022,14254666.6666667
5957,2021,18133333.3333333
5962,2021,14802000.0
5962,2022,15830000.0
5962,2023,16162500.0
5964,2021,5277894210.47368
5964,2022,3719468888.85185
5964,2023,17927777.7777778
5969,2021,11201250.0
5969,2022,8344471666.58333
5969,2023,12752857.1428571
5971,2021,25022067499.75
5971,2023,37596666.6666667
5974,2021,29260000.0
5974,2022,34190000.0
5975,2021,15672500.0
5975,2022,18313846.1538462
5975,2023,18175555.5555556
5976,2022,18735000.0
5978,2022,37963333.3333333
5979,2021,10933333.3333333
5979,2022,12622500.0
5979,2023,14656666.6666667
5981,2021,14090000.0
5981,2022,13871111.1111111
5984,2022,6616249.875
5988,2021,9910000.0
5988,2022,11200000.0
5988,2023,13027800.0
5989,2021,6837777.77777778
5989,2022,15390869999.8462
5989,2023,8274000.0
5994,2021,13271176.4705882
5994,2022,14179333.3333333
5994,2023,14652000.0
6000,2021,11067500.0
6000,2022,10290000.0
6001,2022,13115000.0
6001,2023,15830000.0
6007,2022,26290000.0
6008,2022,18351428.5714286
6011,2022,20921325.1538462
6011,2023,23765454.5454545
6012,2023,14168862.3333333
6013,2023,9456666.66666667
6026,2019,8060000.0
6027,2022,8694000.0
6029,2021,5030000.0
6035,2019,5026666.66666667
6035,2020,6923333.33333333
6035,2021,8182500.0
6036,2022,5656666.66666667
6042,2022,11706249.875
6042,2023,14238461.5384615
6055,2022,33348663333.0
6055,2023,24696000.0
6060,2022,10632000.0
6061,2022,11894000.0
6061,2023,12987500.0
6067,2022,18790000.0
6067,2023,20426666.6666667
6068,2022,15290000.0
6068,2023,16742857.1428571
6070,2023,28356250.0
6072,2022,12217500.0
6072,2023,13420000.0
6074,2021,12030000.0
6074,2022,15392500.0
6074,2023,14865000.0
6078,2009,33339399999.6667
6078,2014,14226666.6666667
6078,2018,21740000.0
6078,2019,22029084.0
6080,2021,9292500.0
6084,2023,25012794999.75
6094,2022,17327500.0
6099,2018,47293333.3333333
6099,2019,56656666.6666667
6105,2014,1400000.0
6109,2011,14500000.0
6109,2013,17696000.0
6109,2015,19930000.0
6109,2016,20896666.6666667
6109,2017,23868250.0
6109,2018,26845000.0
6110,2012,19183333.3333333
6123,2015,5033333.33333333
6130,2021,5430000.0
6131,2018,4786666.66666667
6132,2015,5433333.33333333
6170,2021,14895000.0
6170,2023,22147497.5
